clusters,Recency,Frequency,Monetary
0,97.5678059536935,4.119073869900772,14.21143467475193
1,258.11335458731844,2.5844845908607863,16.263625870823002
2,101.82277710109622,3.6327649208282584,15.421891320109042
3,161.24434824434823,2.197210197210197,33.841255686112824
